Frame,Sub Frame,RX,RY,RZ,TX,TY,TZ
370,0,0.003488,-0.000980,-0.008010,314.955963,48.577690,208.632950
371,0,0.003763,-0.001069,-0.008318,314.972565,48.588058,208.671646
372,0,0.003837,-0.000974,-0.008394,315.019806,48.565491,208.694183
373,0,0.003813,-0.000792,-0.008413,315.078217,48.531471,208.719757
374,0,0.003438,-0.001322,-0.007925,315.268982,48.492188,208.808090
375,0,0.003325,-0.001253,-0.007705,315.342926,48.441616,208.884720
376,0,0.003480,-0.000699,-0.007898,315.318909,48.375179,208.936081
377,0,0.003300,-0.001476,-0.007657,315.532867,48.304119,209.108414
378,0,0.003451,-0.001539,-0.007773,315.628906,48.239281,209.256927
379,0,0.003648,-0.001593,-0.008005,315.733887,48.165142,209.363434
380,0,0.003795,-0.001467,-0.008110,315.849823,48.084057,209.538010
381,0,0.003696,-0.001339,-0.008300,315.999695,47.992523,209.683517
382,0,0.003562,-0.001349,-0.008221,316.181091,47.902771,209.853073
383,0,0.002960,-0.001194,-0.008148,316.324493,47.640076,210.092209
384,0,0.002846,-0.001338,-0.008174,316.580444,47.504089,210.371094
385,0,0.002686,-0.001391,-0.008198,316.864716,47.327583,210.679733
386,0,0.002619,-0.001427,-0.008322,317.166931,47.150394,210.992722
387,0,0.002840,-0.001350,-0.008408,317.501038,46.982029,211.322037
388,0,0.003017,-0.001236,-0.008490,317.864685,46.813328,211.677811
389,0,0.003039,-0.001278,-0.008467,318.245392,46.613422,212.062393
390,0,0.002925,-0.001299,-0.008304,318.670868,46.377720,212.467285
391,0,0.002804,-0.001329,-0.008175,319.116791,46.119495,212.949936
392,0,0.002717,-0.001258,-0.008166,319.615204,45.892044,213.461578
393,0,0.002641,-0.000666,-0.008454,320.048523,45.631279,213.973557
394,0,0.002572,-0.000792,-0.008473,320.638367,45.328259,214.559433
395,0,0.002520,-0.001638,-0.008172,321.428314,45.049534,215.209885
396,0,0.002552,-0.001699,-0.008285,322.103546,44.696590,215.864792
397,0,0.002528,-0.001643,-0.008426,322.826202,44.332031,216.569946
398,0,0.002563,-0.001609,-0.008299,323.618774,43.975433,217.295013
399,0,0.002526,-0.001572,-0.008138,324.406647,43.559280,218.082840
400,0,0.002869,-0.001687,-0.008067,325.274200,43.288803,218.882309
401,0,0.002681,-0.001763,-0.007977,326.152924,42.794930,219.795441
402,0,0.002670,-0.001957,-0.008139,327.061768,42.351200,220.725052
403,0,0.002576,-0.002119,-0.008262,328.015198,41.816566,221.746536
404,0,0.002641,-0.002230,-0.008438,329.091583,41.290936,222.819107
405,0,0.002140,-0.002037,-0.008502,330.145233,40.589691,223.958603
406,0,0.002039,-0.001875,-0.008458,331.291565,39.974163,225.074219
407,0,0.001998,-0.001910,-0.008293,332.560455,39.357437,226.198547
408,0,0.001967,-0.001821,-0.008154,333.805847,38.708298,227.360092
409,0,0.001911,-0.001925,-0.008064,335.105774,38.043877,228.584381
410,0,0.002102,-0.001860,-0.008093,336.434143,37.389702,229.879562
411,0,0.002642,-0.002188,-0.008284,337.842377,36.902145,231.302994
412,0,0.002416,-0.002246,-0.008509,339.258057,36.227352,232.763290
413,0,0.002045,-0.002419,-0.008907,340.728455,35.504852,234.201828
414,0,0.002068,-0.001834,-0.009253,342.039429,34.828163,235.585724
415,0,0.001114,-0.002161,-0.009007,343.589142,33.955261,237.071030
416,0,0.000990,-0.002189,-0.008706,345.098572,33.222126,238.517136
417,0,0.000807,-0.002079,-0.008808,346.681946,32.458675,240.023621
418,0,0.000908,-0.002072,-0.008661,348.273804,31.661030,241.594971
419,0,0.000918,-0.002106,-0.008825,349.958435,30.830477,243.293793
420,0,0.001950,-0.001954,-0.008953,351.814697,30.066854,245.084335
421,0,0.002222,-0.001360,-0.009294,353.378906,29.226025,246.763596
422,0,0.001838,-0.001971,-0.008940,355.259674,28.405077,248.517532
423,0,0.001842,-0.001168,-0.009009,356.891113,27.608561,250.109848
424,0,0.000797,-0.001327,-0.008601,358.689178,26.616886,251.810135
425,0,0.000687,-0.001309,-0.008634,360.422668,25.872047,253.457718
426,0,0.000652,-0.001390,-0.008772,362.118927,25.117676,255.159851
427,0,0.000724,-0.001461,-0.008997,363.821472,24.370274,257.029144
428,0,0.000619,-0.001968,-0.009234,365.633209,23.546949,258.948517
429,0,0.001552,-0.001949,-0.009328,367.363495,23.042545,260.817505
430,0,0.001141,-0.002250,-0.009157,369.264435,22.157145,262.634583
431,0,0.000936,-0.002171,-0.008859,371.100830,21.366873,264.438538
432,0,0.000858,-0.001922,-0.008607,372.936371,20.537735,266.231110
433,0,0.000626,-0.001752,-0.008368,374.841614,19.756035,268.093292
434,0,0.000657,-0.001647,-0.008325,376.747101,18.918940,269.981537
435,0,0.000168,-0.001449,-0.008553,378.601288,17.978998,272.006195
436,0,0.000298,-0.001685,-0.008756,380.501495,17.192387,274.004944
437,0,0.000275,-0.002040,-0.008909,382.382629,16.460348,276.000671
438,0,0.000110,-0.002209,-0.009124,384.246399,15.694982,277.921478
439,0,-0.000138,-0.002090,-0.008963,386.102173,14.962330,279.885132
440,0,-0.000381,-0.002016,-0.008693,387.989014,14.267452,281.823608
441,0,-0.000883,-0.001700,-0.008461,389.881378,13.502791,283.740021
442,0,-0.001187,-0.001539,-0.008213,391.790527,12.776128,285.737762
443,0,-0.001126,-0.001521,-0.007918,393.705261,12.080933,287.714081
444,0,-0.001019,-0.001202,-0.008006,395.664673,11.301877,289.754181
445,0,-0.000994,-0.001355,-0.008210,397.568146,10.572319,291.690826
446,0,-0.000752,-0.001602,-0.008389,399.444763,9.936195,293.638184
447,0,-0.000816,-0.001778,-0.008472,401.276703,9.277072,295.611847
448,0,-0.000361,-0.002083,-0.008373,403.127625,8.825841,297.521973
449,0,-0.000434,-0.002012,-0.008690,405.042908,8.203883,299.444763
450,0,-0.000761,-0.001675,-0.008653,406.869507,7.564826,301.358307
451,0,-0.001718,-0.001201,-0.008473,408.652954,6.823484,303.362793
452,0,-0.002113,-0.001311,-0.008125,410.537476,6.251582,305.364990
453,0,-0.002258,-0.001410,-0.008252,412.394043,5.659252,307.364563
454,0,-0.002223,-0.001480,-0.008350,414.265686,5.127925,309.415649
455,0,-0.001874,-0.001754,-0.008610,416.133636,4.615006,311.399200
456,0,-0.002280,-0.002457,-0.009006,418.078247,3.968684,313.377106
457,0,-0.002258,-0.002721,-0.009505,419.880585,3.469259,315.331879
458,0,-0.002094,-0.002386,-0.009186,421.790192,2.871525,317.269135
459,0,-0.002049,-0.002104,-0.009290,423.573914,2.322125,319.241058
460,0,-0.002015,-0.001821,-0.009527,425.297394,1.849844,321.241119
461,0,-0.002509,-0.002052,-0.009059,427.131592,1.282010,323.265717
462,0,-0.002446,-0.001813,-0.009127,428.878662,0.826944,325.376495
463,0,-0.001962,-0.002351,-0.008651,430.816895,0.434888,327.479401
464,0,-0.001715,-0.002643,-0.008965,432.678436,-0.034926,329.594482
465,0,-0.001638,-0.002675,-0.009333,434.485291,-0.521634,331.696198
466,0,-0.001609,-0.002562,-0.009499,436.308380,-0.967561,333.725128
467,0,-0.001485,-0.002717,-0.009584,438.173737,-1.360495,335.714691
468,0,-0.001595,-0.002699,-0.009835,439.984528,-1.749082,337.720673
469,0,-0.002470,-0.002308,-0.010046,441.695801,-2.292359,339.812805
470,0,-0.002532,-0.002324,-0.009959,443.522552,-2.607298,341.941620
471,0,-0.002509,-0.002583,-0.009934,445.363007,-2.892465,344.152405
472,0,-0.002096,-0.002706,-0.010037,447.208923,-3.039557,346.349731
473,0,-0.002016,-0.002634,-0.009672,449.037689,-3.300111,348.509369
474,0,-0.002520,-0.001792,-0.009978,450.686981,-3.710386,350.572327
475,0,-0.002677,-0.002435,-0.009582,452.671692,-3.944981,352.676117
476,0,-0.002363,-0.001883,-0.010041,454.342468,-4.176713,354.682281
477,0,-0.002232,-0.001849,-0.010222,456.131104,-4.389435,356.746521
478,0,-0.002293,-0.002013,-0.010507,457.939728,-4.593735,358.883942
479,0,-0.002204,-0.002264,-0.010919,459.696838,-4.734590,361.005280
480,0,-0.002375,-0.002452,-0.011017,461.365845,-4.868763,363.105255
481,0,-0.002608,-0.002331,-0.011102,463.048615,-5.018030,365.213196
482,0,-0.003339,-0.003118,-0.010566,464.914246,-5.163863,367.461426
483,0,-0.003306,-0.003146,-0.010313,466.674866,-5.235281,369.683990
484,0,-0.003342,-0.003019,-0.010093,468.461700,-5.282587,371.878784
485,0,-0.003180,-0.002172,-0.010625,470.093201,-5.346480,374.087097
486,0,-0.003177,-0.003060,-0.010380,472.081635,-5.351306,376.318695
487,0,-0.002692,-0.003363,-0.010498,473.928467,-5.287915,378.464935
488,0,-0.002420,-0.002940,-0.011297,475.580353,-5.200977,380.569702
489,0,-0.002372,-0.003110,-0.011454,477.339539,-5.043682,382.716156
490,0,-0.002505,-0.003252,-0.011430,479.043518,-4.869005,384.920807
491,0,-0.003102,-0.003186,-0.011452,480.727783,-4.641315,387.173553
492,0,-0.003776,-0.003130,-0.011490,482.380280,-4.370935,389.424255
493,0,-0.004268,-0.003250,-0.011452,483.989075,-4.076571,391.712006
494,0,-0.004647,-0.003323,-0.011614,485.577148,-3.798778,393.959778
495,0,-0.004632,-0.003502,-0.011842,487.218079,-3.482848,396.214417
496,0,-0.004389,-0.003638,-0.011835,488.886139,-3.142117,398.406311
497,0,-0.003960,-0.003677,-0.012024,490.514130,-2.814846,400.632965
498,0,-0.003434,-0.003498,-0.011920,492.153290,-2.447297,402.809601
499,0,-0.003014,-0.003232,-0.011711,493.744202,-2.055667,404.993042
500,0,-0.002802,-0.003164,-0.011584,495.320068,-1.584241,407.196136
501,0,-0.002850,-0.003372,-0.011609,496.803284,-1.121575,409.439545
502,0,-0.003011,-0.003594,-0.011749,498.238770,-0.528010,411.737366
503,0,-0.002738,-0.004309,-0.011968,499.717438,0.249866,414.053772
504,0,-0.003484,-0.004360,-0.012472,501.050995,0.762690,416.407288
505,0,-0.003678,-0.004583,-0.012824,502.476807,1.509231,418.733276
506,0,-0.003647,-0.004534,-0.012968,503.905640,2.369960,421.018921
507,0,-0.003826,-0.004359,-0.012756,505.309357,3.264493,423.283997
508,0,-0.003706,-0.004279,-0.012481,506.759277,4.219650,425.525787
509,0,-0.003587,-0.004089,-0.012001,508.163025,5.213368,427.762787
510,0,-0.003489,-0.004096,-0.011424,509.498657,6.276104,429.959686
511,0,-0.003148,-0.004323,-0.011509,510.802094,7.360022,432.203918
512,0,-0.002950,-0.004555,-0.011563,512.065308,8.514777,434.444427
513,0,-0.003013,-0.004587,-0.011920,513.242859,9.731166,436.707855
514,0,-0.003265,-0.004779,-0.012325,514.374268,10.949711,438.963959
515,0,-0.003535,-0.004823,-0.012558,515.419983,12.230785,441.203278
516,0,-0.003815,-0.004829,-0.012479,516.443542,13.557016,443.390991
517,0,-0.004069,-0.004867,-0.012262,517.439758,14.932261,445.552948
518,0,-0.004134,-0.004974,-0.011867,518.434204,16.394079,447.683350
519,0,-0.003970,-0.004782,-0.011565,519.383179,17.899410,449.880188
520,0,-0.003387,-0.004929,-0.011569,520.365540,19.508852,452.064545
521,0,-0.003063,-0.004746,-0.011487,521.271606,21.147562,454.269043
522,0,-0.002747,-0.004953,-0.011617,522.135986,22.822968,456.403137
523,0,-0.002602,-0.004822,-0.011848,522.957642,24.573082,458.460663
524,0,-0.002889,-0.005108,-0.011954,523.662842,26.341805,460.432983
525,0,-0.003111,-0.005248,-0.012087,524.293579,28.189812,462.329712
526,0,-0.003495,-0.005468,-0.012023,524.865601,30.098131,464.224304
527,0,-0.003857,-0.005635,-0.011984,525.375305,32.047947,466.117279
528,0,-0.004181,-0.005876,-0.011886,525.808960,34.102909,468.077332
529,0,-0.004004,-0.006017,-0.012215,526.220642,36.142342,469.960724
530,0,-0.003707,-0.006073,-0.012339,526.580261,38.233238,471.874420
531,0,-0.003427,-0.006228,-0.012419,526.921570,40.342518,473.688690
532,0,-0.003163,-0.006111,-0.012538,527.242676,42.445198,475.452698
533,0,-0.003003,-0.006188,-0.012792,527.519592,44.626427,477.192261
534,0,-0.002959,-0.006183,-0.012581,527.721802,46.759460,478.824707
535,0,-0.003213,-0.006197,-0.012539,527.911987,48.947525,480.479980
536,0,-0.003447,-0.006280,-0.012553,527.977417,51.145149,482.129364
537,0,-0.003678,-0.006396,-0.012700,527.994873,53.388287,483.809265
538,0,-0.003773,-0.006665,-0.012864,527.927856,55.663940,485.455109
539,0,-0.003668,-0.006891,-0.013020,527.779297,57.957520,487.158752
540,0,-0.003442,-0.007088,-0.013118,527.623108,60.325367,488.791748
541,0,-0.003201,-0.007128,-0.013069,527.405884,62.687473,490.294769
542,0,-0.002866,-0.007095,-0.012913,527.145569,65.074677,491.723694
543,0,-0.002553,-0.007067,-0.012624,526.885376,67.497238,493.096283
544,0,-0.002617,-0.006826,-0.012357,526.612244,69.852036,494.433350
545,0,-0.002492,-0.006716,-0.012216,526.348755,72.199326,495.760559
546,0,-0.002410,-0.006891,-0.012239,526.052856,74.568718,497.127502
547,0,-0.002205,-0.006993,-0.012435,525.680664,76.925827,498.499634
548,0,-0.002047,-0.006958,-0.012637,525.269287,79.304047,499.855408
549,0,-0.002046,-0.007012,-0.012735,524.815186,81.664871,501.129791
550,0,-0.001779,-0.007049,-0.012643,524.324463,84.065125,502.356476
551,0,-0.001688,-0.007112,-0.012477,523.814758,86.476295,503.528839
552,0,-0.001492,-0.007075,-0.012293,523.222595,88.886147,504.672699
553,0,-0.001308,-0.007228,-0.011993,522.650452,91.291924,505.787323
554,0,-0.001163,-0.007253,-0.011941,522.036743,93.705177,506.954956
555,0,-0.000747,-0.007374,-0.012039,521.430969,96.182419,508.172943
556,0,-0.000513,-0.007465,-0.012243,520.783386,98.622353,509.370392
557,0,-0.000324,-0.007548,-0.012386,520.128113,101.051117,510.489044
558,0,-0.000079,-0.007548,-0.012354,519.459473,103.505325,511.547272
559,0,-0.000075,-0.007620,-0.012340,518.765808,105.951401,512.582031
560,0,-0.000079,-0.007644,-0.012020,518.037231,108.405922,513.578003
561,0,-0.000334,-0.007733,-0.011650,517.296997,110.803749,514.556213
562,0,-0.000518,-0.008051,-0.011273,516.567200,113.194458,515.590454
563,0,0.000221,-0.007572,-0.011626,515.669617,115.770500,516.639465
564,0,0.000139,-0.007764,-0.011528,514.852478,118.177994,517.677917
565,0,0.000175,-0.008322,-0.012285,513.983704,120.635872,518.628967
566,0,0.000523,-0.008057,-0.012444,513.103149,123.052299,519.580566
567,0,0.000707,-0.008169,-0.012451,512.235535,125.420570,520.498108
568,0,0.000793,-0.008347,-0.012420,511.330780,127.825188,521.370605
569,0,0.000669,-0.008462,-0.012239,510.431000,130.213013,522.181641
570,0,0.000686,-0.008600,-0.011989,509.493103,132.578751,523.059814
571,0,0.000682,-0.008612,-0.012086,508.562195,134.908737,523.954651
572,0,0.000918,-0.008403,-0.012208,507.651978,137.273636,524.870300
573,0,0.000924,-0.008619,-0.011471,506.553528,139.791687,525.760193
574,0,0.001146,-0.008692,-0.011725,505.473602,142.271667,526.640869
575,0,0.001611,-0.008502,-0.012081,504.446136,144.705811,527.498230
576,0,0.001913,-0.008617,-0.012213,503.372131,147.147186,528.318359
577,0,0.002177,-0.008704,-0.012141,502.295502,149.582703,529.103882
578,0,0.002122,-0.008962,-0.012019,501.187805,151.993713,529.866394
579,0,0.002093,-0.009276,-0.011738,500.112579,154.415878,530.645752
580,0,0.001981,-0.009216,-0.011531,499.026276,156.777847,531.457214
581,0,0.001760,-0.009519,-0.011650,497.987946,159.094055,532.252808
582,0,0.002647,-0.009084,-0.011722,496.785004,161.590759,533.113770
583,0,0.002674,-0.009206,-0.011944,495.691711,163.874176,533.912537
584,0,0.003109,-0.009315,-0.012222,494.552063,166.237717,534.695984
585,0,0.003543,-0.009384,-0.012216,493.341980,168.596390,535.501709
586,0,0.004053,-0.009221,-0.012082,492.157349,170.925888,536.225769
587,0,0.004260,-0.009293,-0.011872,490.921448,173.271851,536.970886
588,0,0.004089,-0.009688,-0.011480,489.598206,175.659302,537.749023
589,0,0.004136,-0.009693,-0.011390,488.371124,177.969360,538.484863
590,0,0.004126,-0.009568,-0.011409,487.109863,180.322968,539.249573
591,0,0.004064,-0.009578,-0.011765,485.852448,182.686707,540.064331
592,0,0.004187,-0.009696,-0.011935,484.631256,185.058319,540.806152
593,0,0.004433,-0.009793,-0.012145,483.350006,187.391602,541.566956
594,0,0.004660,-0.010185,-0.012113,482.124969,189.766846,542.314392
595,0,0.005108,-0.010286,-0.012011,480.843506,192.141693,543.079041
596,0,0.005219,-0.010450,-0.011891,479.590881,194.474792,543.783020
597,0,0.005301,-0.010530,-0.011692,478.311218,196.743149,544.531067
598,0,0.005272,-0.010372,-0.011754,477.002991,199.063995,545.271179
599,0,0.005329,-0.010383,-0.011773,475.689148,201.341522,545.994202
600,0,0.005211,-0.010278,-0.011992,474.341187,203.584473,546.741638
601,0,0.005186,-0.010341,-0.012198,472.966278,205.849304,547.498718
602,0,0.005317,-0.010307,-0.012462,471.569946,208.104950,548.239380
603,0,0.005541,-0.010490,-0.012595,470.146088,210.363327,549.001709
604,0,0.005830,-0.010726,-0.012723,468.709076,212.640732,549.763611
605,0,0.006158,-0.010998,-0.012497,467.325195,214.926971,550.507874
606,0,0.006456,-0.010966,-0.012328,465.913971,217.176270,551.261536
607,0,0.006772,-0.010848,-0.012057,464.536621,219.449905,552.002625
608,0,0.006937,-0.010599,-0.011758,463.123505,221.686661,552.750061
609,0,0.007076,-0.010048,-0.011460,461.770020,223.890778,553.534546
610,0,0.007049,-0.010083,-0.011779,460.306824,226.138382,554.260254
611,0,0.007108,-0.010164,-0.011824,458.870667,228.348541,554.996704
612,0,0.007044,-0.010167,-0.011920,457.378571,230.534241,555.794678
613,0,0.007187,-0.010613,-0.012012,455.899994,232.720886,556.599915
614,0,0.007239,-0.010853,-0.011869,454.462036,234.852936,557.416931
615,0,0.007783,-0.010635,-0.012159,452.892792,237.048920,558.242126
616,0,0.008084,-0.010362,-0.012308,451.375977,239.224838,559.017334
617,0,0.008454,-0.010251,-0.011831,449.886261,241.364670,559.762756
618,0,0.008671,-0.009906,-0.011540,448.340759,243.505783,560.555542
619,0,0.008895,-0.009963,-0.011247,446.792267,245.636612,561.386414
620,0,0.009220,-0.010087,-0.011185,445.213684,247.767181,562.201050
621,0,0.009523,-0.010314,-0.011496,443.586029,249.921021,563.075317
622,0,0.009772,-0.010608,-0.011699,441.980652,252.050217,563.981201
623,0,0.009955,-0.010551,-0.012056,440.388641,254.169144,564.874329
624,0,0.010091,-0.010694,-0.012125,438.805267,256.292297,565.700562
625,0,0.010158,-0.010636,-0.012054,437.211639,258.372437,566.522644
626,0,0.010053,-0.010594,-0.011827,435.680298,260.441650,567.361206
627,0,0.010128,-0.010547,-0.011618,434.149872,262.508209,568.193420
628,0,0.010307,-0.010547,-0.011524,432.582123,264.559357,569.062134
629,0,0.010487,-0.010619,-0.011437,430.985138,266.640381,569.961182
630,0,0.010747,-0.010790,-0.011587,429.361115,268.710144,570.915100
631,0,0.011089,-0.011089,-0.011572,427.718109,270.765350,571.878052
632,0,0.011247,-0.011355,-0.011568,426.017639,272.812775,572.831177
633,0,0.011368,-0.011206,-0.011616,424.305389,274.883270,573.799072
634,0,0.011477,-0.011062,-0.011496,422.665283,276.852295,574.753967
635,0,0.011577,-0.010919,-0.011478,420.981079,278.868958,575.690002
636,0,0.011507,-0.010823,-0.011509,419.319275,280.831482,576.637512
637,0,0.011449,-0.011245,-0.011615,417.594055,282.848267,577.586487
638,0,0.011445,-0.011304,-0.011521,415.944000,284.723663,578.629578
639,0,0.011589,-0.011475,-0.011497,414.285736,286.647827,579.678406
640,0,0.011484,-0.012439,-0.010883,412.786438,288.537109,580.759521
641,0,0.011931,-0.011524,-0.011466,410.893097,290.453888,581.727112
642,0,0.012133,-0.011428,-0.011730,409.165253,292.372833,582.783264
643,0,0.012528,-0.011279,-0.011781,407.402130,294.300720,583.902222
644,0,0.012740,-0.011114,-0.011846,405.632477,296.186157,585.043701
645,0,0.012801,-0.011085,-0.011716,403.837799,298.058197,586.165344
646,0,0.012865,-0.011189,-0.011506,402.100616,299.888763,587.305420
647,0,0.012856,-0.011366,-0.011480,400.400299,301.686493,588.450928
648,0,0.012891,-0.011220,-0.011431,398.724060,303.422760,589.601562
649,0,0.012588,-0.012219,-0.011029,397.232208,305.143646,590.846741
650,0,0.013011,-0.011406,-0.011729,395.380463,306.917358,592.026367
651,0,0.013155,-0.012074,-0.011572,393.798462,308.623718,593.351074
652,0,0.013604,-0.011425,-0.012623,391.784882,310.402252,594.576904
653,0,0.013808,-0.011335,-0.012222,390.007080,312.111267,595.879700
654,0,0.014001,-0.011352,-0.011914,388.158356,313.801208,597.215881
655,0,0.014235,-0.011339,-0.011732,386.277344,315.441742,598.564331
656,0,0.014305,-0.011323,-0.011557,384.423523,317.063049,599.948303
657,0,0.014409,-0.011694,-0.011832,382.511597,318.704224,601.423218
658,0,0.014869,-0.011687,-0.011754,380.752197,320.211761,602.794067
659,0,0.015264,-0.011541,-0.012150,378.994781,321.676575,604.233887
660,0,0.015564,-0.011264,-0.012436,377.185516,323.120422,605.682678
661,0,0.015773,-0.011280,-0.012589,375.421509,324.597412,607.172791
662,0,0.015663,-0.011173,-0.012585,373.606079,326.013702,608.721130
663,0,0.015623,-0.011216,-0.012202,371.800598,327.439148,610.277771
664,0,0.015176,-0.012367,-0.010973,370.040161,328.895660,611.907166
665,0,0.014893,-0.012043,-0.012219,367.959961,330.352386,613.461304
666,0,0.014969,-0.012194,-0.012001,366.165497,331.695770,615.136230
667,0,0.014912,-0.012067,-0.012039,364.385559,333.000214,616.847778
668,0,0.015062,-0.011808,-0.012290,362.637207,334.316376,618.591187
669,0,0.014998,-0.011536,-0.012572,360.923187,335.501221,620.279114
670,0,0.015114,-0.011359,-0.012653,359.237000,336.678040,622.000671
671,0,0.015053,-0.011571,-0.012638,357.591827,337.722321,623.745483
672,0,0.014961,-0.011856,-0.012319,355.925507,338.767517,625.523315
673,0,0.015154,-0.012446,-0.012397,354.254272,339.897827,627.383118
674,0,0.015318,-0.011781,-0.012657,352.327698,340.875031,629.250854
675,0,0.014922,-0.011924,-0.012546,350.565094,341.779327,631.264587
676,0,0.014719,-0.012346,-0.012147,348.946930,342.666260,633.367859
677,0,0.014865,-0.011366,-0.013031,347.048615,343.516663,635.363953
678,0,0.014835,-0.011266,-0.013258,345.349731,344.309875,637.430786
679,0,0.014602,-0.012501,-0.012289,343.810913,345.102814,639.547668
680,0,0.015141,-0.011789,-0.012820,342.046600,345.718384,641.487732
681,0,0.015307,-0.011834,-0.012822,340.445435,346.323181,643.525513
682,0,0.015448,-0.012063,-0.012535,338.923767,346.860962,645.623352
683,0,0.015633,-0.012002,-0.012446,337.262604,347.433441,647.756409
684,0,0.015704,-0.011902,-0.012430,335.627899,347.926880,649.951233
685,0,0.015710,-0.011582,-0.012616,333.985504,348.422668,652.204224
686,0,0.015614,-0.011209,-0.012729,332.299194,348.823395,654.488708
687,0,0.015576,-0.011250,-0.012908,330.628967,349.199921,656.750305
688,0,0.015750,-0.011539,-0.012915,328.977234,349.527618,658.985107
689,0,0.015765,-0.011921,-0.012897,327.333191,349.771271,661.239258
690,0,0.015953,-0.012271,-0.012786,325.750366,350.007690,663.481384
691,0,0.016260,-0.012311,-0.012522,324.250702,350.175110,665.739014
692,0,0.016454,-0.012153,-0.012433,322.781281,350.303223,668.041260
693,0,0.016728,-0.011777,-0.012569,321.284912,350.396484,670.416626
694,0,0.017057,-0.011502,-0.012705,319.800232,350.468750,672.830017
695,0,0.017320,-0.011583,-0.012718,318.242523,350.531799,675.263367
696,0,0.017594,-0.011538,-0.012867,316.653870,350.564453,677.658569
697,0,0.017616,-0.011650,-0.012703,315.061890,350.545654,680.058167
698,0,0.017643,-0.011728,-0.012553,313.513733,350.490021,682.374329
699,0,0.017515,-0.011719,-0.012370,312.008240,350.392822,684.722473
700,0,0.017105,-0.012251,-0.011704,310.746704,350.218201,687.126526
701,0,0.017261,-0.011166,-0.012364,309.231537,350.006470,689.436523
702,0,0.017215,-0.010993,-0.012449,307.933990,349.750488,691.862549
703,0,0.017354,-0.010920,-0.012631,306.592743,349.483826,694.298157
704,0,0.017634,-0.011095,-0.012575,305.250305,349.188538,696.716553
705,0,0.017886,-0.011349,-0.012541,303.870270,348.933533,699.145203
706,0,0.018200,-0.011382,-0.012342,302.469543,348.640076,701.557495
707,0,0.018456,-0.011288,-0.012279,301.053619,348.360321,703.961670
708,0,0.018540,-0.011060,-0.012302,299.634430,348.013000,706.353271
709,0,0.018476,-0.010938,-0.012158,298.287689,347.620728,708.790161
710,0,0.018474,-0.010919,-0.012125,297.002777,347.192871,711.204468
711,0,0.018195,-0.011014,-0.012189,295.762817,346.669067,713.637085
712,0,0.018050,-0.011296,-0.012318,294.543091,346.161072,716.027832
713,0,0.017838,-0.011368,-0.012521,293.358459,345.607666,718.417786
714,0,0.017681,-0.011451,-0.012651,292.144043,345.058319,720.859619
715,0,0.017693,-0.011506,-0.012610,290.835693,344.498322,723.262817
716,0,0.017923,-0.011292,-0.012688,289.540619,343.949219,725.641174
717,0,0.018075,-0.011261,-0.012784,288.227814,343.393250,728.102600
718,0,0.018314,-0.011319,-0.012776,286.947937,342.825989,730.575012
719,0,0.018556,-0.011227,-0.012865,285.712128,342.195160,732.992310
720,0,0.018728,-0.011325,-0.012858,284.500092,341.519714,735.447815
721,0,0.018718,-0.011246,-0.012923,283.332733,340.758057,737.863525
722,0,0.018616,-0.011272,-0.013050,282.193695,339.976959,740.263794
723,0,0.018425,-0.011290,-0.012875,281.066956,339.205566,742.650208
724,0,0.018080,-0.011785,-0.012131,280.077454,338.406128,745.076233
725,0,0.018127,-0.010944,-0.012883,278.731232,337.541656,747.395996
726,0,0.018078,-0.010903,-0.012930,277.550995,336.730438,749.802185
727,0,0.017980,-0.010774,-0.012967,276.356934,335.873260,752.231201
728,0,0.018132,-0.010670,-0.012955,275.136505,335.032135,754.678650
729,0,0.018438,-0.010609,-0.012942,273.909943,334.221344,757.203796
730,0,0.018349,-0.011342,-0.012107,272.883881,333.357727,759.808105
731,0,0.018471,-0.011338,-0.012000,271.722504,332.432587,762.307800
732,0,0.018469,-0.011242,-0.011807,270.570282,331.509277,764.692017
733,0,0.018359,-0.010349,-0.012486,269.279785,330.442108,766.966492
734,0,0.018413,-0.010316,-0.012593,268.205383,329.425018,769.240295
735,0,0.018599,-0.010429,-0.012596,267.137360,328.389618,771.466248
736,0,0.018498,-0.011293,-0.012312,266.238434,327.286713,773.754272
737,0,0.018956,-0.010492,-0.013085,264.994965,326.286652,776.067993
738,0,0.018912,-0.010398,-0.013183,263.886475,325.208435,778.494995
739,0,0.018845,-0.011131,-0.012487,262.926392,324.236267,780.956787
740,0,0.019051,-0.011141,-0.012353,261.812134,323.213837,783.366882
741,0,0.018914,-0.010405,-0.012814,260.563751,322.146942,785.704468
742,0,0.018593,-0.010963,-0.012166,259.637207,321.130554,788.083130
743,0,0.018670,-0.010073,-0.012719,258.422180,319.991333,790.314514
744,0,0.018673,-0.010066,-0.012804,257.425934,318.926514,792.620728
745,0,0.018399,-0.010625,-0.012580,256.621460,317.756744,794.950867
746,0,0.018529,-0.010553,-0.012744,255.648224,316.660522,797.270630
747,0,0.018522,-0.010558,-0.012955,254.641418,315.512482,799.592651
748,0,0.018505,-0.009634,-0.013378,253.439789,314.369904,801.864441
749,0,0.018482,-0.009438,-0.013401,252.340622,313.237122,804.150208
750,0,0.018344,-0.009416,-0.013294,251.255249,312.070862,806.406555
751,0,0.018123,-0.010193,-0.012687,250.357605,310.888794,808.702332
752,0,0.018065,-0.010196,-0.012617,249.337662,309.734650,810.969360
753,0,0.018052,-0.010373,-0.012770,248.368927,308.535736,813.263794
754,0,0.017691,-0.010473,-0.012992,247.394730,307.278015,815.575012
755,0,0.017419,-0.010358,-0.012966,246.450974,306.042847,817.891968
756,0,0.017189,-0.010218,-0.012667,245.512817,304.834259,820.198486
757,0,0.016893,-0.010028,-0.012503,244.536331,303.597565,822.451355
758,0,0.016746,-0.009923,-0.012173,243.562515,302.354187,824.684692
759,0,0.016723,-0.009752,-0.012177,242.556519,301.140594,826.910095
760,0,0.016645,-0.009664,-0.012197,241.527985,299.890503,829.137939
761,0,0.016819,-0.009107,-0.012948,240.380646,298.584656,831.294434
762,0,0.016912,-0.009209,-0.013162,239.436966,297.269531,833.519897
763,0,0.016800,-0.009977,-0.012705,238.658646,295.939545,835.820496
764,0,0.016818,-0.009732,-0.012577,237.708817,294.547394,838.049683
765,0,0.017076,-0.009450,-0.012135,236.746536,293.189758,840.267212
766,0,0.016868,-0.008999,-0.011969,235.740952,291.777710,842.476074
767,0,0.017034,-0.008021,-0.012208,234.549103,290.374146,844.611206
768,0,0.017110,-0.008141,-0.012325,233.514557,288.953094,846.806213
769,0,0.017051,-0.008377,-0.012809,232.491913,287.513153,849.090210
770,0,0.017335,-0.008618,-0.013120,231.468109,286.096527,851.289124
771,0,0.017263,-0.008632,-0.013564,230.445053,284.622925,853.477539
772,0,0.017281,-0.008545,-0.013670,229.426437,283.131714,855.659668
773,0,0.017165,-0.008248,-0.013470,228.427292,281.653107,857.797974
774,0,0.016987,-0.007816,-0.013137,227.431351,280.146729,859.905762
775,0,0.017235,-0.007626,-0.012877,226.420029,278.659943,862.010681
776,0,0.017380,-0.007609,-0.012732,225.438568,277.185425,864.116882
777,0,0.017321,-0.008356,-0.012357,224.614960,275.678406,866.326477
778,0,0.017651,-0.007848,-0.013455,223.455353,274.167572,868.446045
779,0,0.017623,-0.007785,-0.013735,222.463806,272.665833,870.603638
780,0,0.017486,-0.007540,-0.013715,221.436920,271.138824,872.736328
781,0,0.017385,-0.008091,-0.012733,220.567688,269.618652,874.895813
782,0,0.017329,-0.007890,-0.012086,219.560196,268.131317,876.985779
783,0,0.017245,-0.007757,-0.011832,218.556091,266.605347,879.055420
784,0,0.017360,-0.007760,-0.011731,217.590622,265.028595,881.162415
785,0,0.017524,-0.007139,-0.012446,216.497238,263.483124,883.231079
786,0,0.017596,-0.007265,-0.012730,215.558884,261.919037,885.339783
787,0,0.017571,-0.008020,-0.012407,214.749741,260.327484,887.497803
788,0,0.017584,-0.007995,-0.012491,213.761093,258.768860,889.528259
789,0,0.017718,-0.006983,-0.012875,212.643036,257.227295,891.486328
790,0,0.017511,-0.007415,-0.011991,211.801956,255.651855,893.507446
791,0,0.017326,-0.007311,-0.011714,210.783401,254.093735,895.533020
792,0,0.017284,-0.006663,-0.012266,209.599091,252.574387,897.527283
793,0,0.017134,-0.006715,-0.012393,208.618164,250.990601,899.559692
794,0,0.016967,-0.006845,-0.012563,207.675980,249.423187,901.630188
795,0,0.016881,-0.006891,-0.012688,206.747528,247.878586,903.681702
796,0,0.016628,-0.006763,-0.012700,205.809982,246.249573,905.663818
797,0,0.016303,-0.006363,-0.012691,204.838440,244.673904,907.608826
798,0,0.016086,-0.006045,-0.012483,203.872025,243.117401,909.553345
799,0,0.015520,-0.006309,-0.011706,203.034409,241.523987,911.532654
800,0,0.015171,-0.006298,-0.011628,202.036240,239.902802,913.461914
801,0,0.014882,-0.006403,-0.011938,201.041016,238.286072,915.461609
802,0,0.014629,-0.006595,-0.012273,200.053406,236.622940,917.483093
803,0,0.014337,-0.006712,-0.012355,199.062256,234.986191,919.477173
804,0,0.013990,-0.006780,-0.012435,198.069580,233.360031,921.441528
805,0,0.013775,-0.006707,-0.012487,197.044144,231.713394,923.389221
806,0,0.013477,-0.006539,-0.012347,195.998718,230.052292,925.299316
807,0,0.013386,-0.005834,-0.012833,194.802277,228.401810,927.108643
808,0,0.013247,-0.005751,-0.012916,193.799728,226.753311,928.947327
809,0,0.013130,-0.005879,-0.013100,192.813049,225.058960,930.850769
810,0,0.012759,-0.006688,-0.012799,191.971115,223.324265,932.833679
811,0,0.012467,-0.006596,-0.012925,190.962448,221.605698,934.739136
812,0,0.012263,-0.006445,-0.012887,189.951584,219.896042,936.667053
813,0,0.012092,-0.006198,-0.012675,188.899963,218.143753,938.550110
814,0,0.011888,-0.005993,-0.012538,187.829712,216.382370,940.403015
815,0,0.011739,-0.005911,-0.012473,186.781281,214.664993,942.269165
816,0,0.011834,-0.005132,-0.013106,185.561188,212.901764,944.032288
817,0,0.011844,-0.005172,-0.013319,184.512344,211.157272,945.839539
818,0,0.011629,-0.005187,-0.013528,183.467606,209.355438,947.624451
819,0,0.011206,-0.005799,-0.013038,182.554886,207.543640,949.428040
820,0,0.011055,-0.005645,-0.012848,181.483368,205.738632,951.167908
821,0,0.010971,-0.004835,-0.013102,180.266342,203.912918,952.879700
822,0,0.010874,-0.004545,-0.013110,179.174530,202.089981,954.674622
823,0,0.010854,-0.004929,-0.012550,178.228989,200.278610,956.539307
824,0,0.010833,-0.004805,-0.012732,177.075287,198.479416,958.397095
825,0,0.010660,-0.004796,-0.012891,175.944336,196.663574,960.199646
826,0,0.010370,-0.004710,-0.013011,174.805664,194.801331,961.956726
827,0,0.010221,-0.004724,-0.013055,173.697159,192.940613,963.634766
828,0,0.010206,-0.004006,-0.013589,172.427811,191.032288,965.234009
829,0,0.009869,-0.004458,-0.012837,171.453781,189.137466,966.957947
830,0,0.009796,-0.004268,-0.012878,170.331558,187.212296,968.645203
831,0,0.009839,-0.004083,-0.013014,169.191315,185.304550,970.345947
832,0,0.010160,-0.004005,-0.013216,168.029175,183.435959,972.132019
833,0,0.010005,-0.003784,-0.013154,166.772598,181.562973,973.806763
834,0,0.010329,-0.003217,-0.013653,165.462830,179.684601,975.465027
835,0,0.010074,-0.003134,-0.013539,164.219238,177.761780,977.040039
836,0,0.009963,-0.003216,-0.013555,163.051620,175.857727,978.616455
837,0,0.009776,-0.003831,-0.013153,162.061844,173.930542,980.203613
838,0,0.010143,-0.003881,-0.013220,160.946655,172.157166,981.738464
839,0,0.010050,-0.003658,-0.013248,159.784851,170.236755,983.282166
840,0,0.010388,-0.002768,-0.013778,158.478546,168.407410,984.771667
841,0,0.009827,-0.002481,-0.014004,157.229721,166.336090,986.303894
842,0,0.009571,-0.002484,-0.013840,156.003998,164.483597,987.840637
843,0,0.009308,-0.002691,-0.013908,154.726151,162.614502,989.432861
844,0,0.008721,-0.003340,-0.013306,153.643402,160.776733,991.051758
845,0,0.008289,-0.003178,-0.013387,152.404663,158.872726,992.600098
846,0,0.008031,-0.003124,-0.013563,151.225159,156.959732,994.161865
847,0,0.007467,-0.002621,-0.013525,149.967087,155.016403,995.549255
848,0,0.007424,-0.002215,-0.013419,148.783249,153.147308,996.982849
849,0,0.007463,-0.001344,-0.013753,147.407791,151.203476,998.321533
850,0,0.008105,-0.001828,-0.013573,146.253067,149.475784,999.790527
851,0,0.007793,-0.001888,-0.013518,144.898911,147.504791,1001.136292
852,0,0.007850,-0.002155,-0.013610,143.621521,145.584610,1002.631165
853,0,0.007592,-0.001940,-0.013672,142.272812,143.625275,1004.050598
854,0,0.007249,-0.001534,-0.013646,140.904831,141.639709,1005.380615
855,0,0.006841,-0.001642,-0.013142,139.732574,139.641403,1006.721375
856,0,0.006339,-0.001414,-0.012930,138.477005,137.653976,1008.056152
857,0,0.006560,-0.001163,-0.012965,137.125046,135.712585,1009.236328
858,0,0.006780,-0.001328,-0.012963,135.845764,133.731110,1010.512817
859,0,0.006910,-0.001462,-0.012818,134.500107,131.769135,1011.719116
860,0,0.006651,-0.001473,-0.012752,133.090652,129.788986,1012.879639
861,0,0.006729,-0.001689,-0.013004,131.754074,127.798393,1014.213074
862,0,0.006546,-0.001453,-0.013113,130.355179,125.788551,1015.483887
863,0,0.006293,-0.000930,-0.013004,128.930756,123.766136,1016.743164
864,0,0.005890,-0.000566,-0.012621,127.446220,121.706650,1017.859924
865,0,0.005732,-0.000583,-0.012580,125.956711,119.665817,1018.992554
866,0,0.005496,-0.000648,-0.012520,124.449249,117.620155,1020.024658
867,0,0.005747,-0.000954,-0.012961,123.016289,115.573723,1021.099182
868,0,0.005676,-0.000937,-0.013064,121.478165,113.481407,1022.015442
869,0,0.005976,-0.000799,-0.013356,120.004234,111.444115,1023.065918
870,0,0.006112,-0.000325,-0.013388,118.465500,109.359932,1024.020386
871,0,0.006070,0.000267,-0.013593,116.948761,107.145470,1025.062988
872,0,0.006492,0.000542,-0.013244,115.403519,105.183960,1026.027954
873,0,0.006110,0.000730,-0.013072,113.768585,102.981712,1027.029663
874,0,0.006593,0.000997,-0.013219,112.065155,101.079254,1027.998047
875,0,0.006193,0.000891,-0.013361,110.388336,99.023590,1028.904175
876,0,0.005923,0.000764,-0.013856,108.780624,96.981628,1029.781860
877,0,0.005987,0.001098,-0.014087,107.345520,94.891159,1030.739258
878,0,0.005388,0.000943,-0.013639,105.791580,92.906105,1031.475586
879,0,0.005494,0.001094,-0.013593,104.268532,90.909531,1032.321411
880,0,0.005700,0.002018,-0.013534,102.617805,88.867241,1033.014038
881,0,0.005483,0.001632,-0.012797,101.044289,86.914383,1033.649414
882,0,0.005773,0.001268,-0.013009,99.417564,84.853592,1034.481567
883,0,0.005273,0.001440,-0.012736,97.733391,82.808907,1035.180786
884,0,0.005142,0.001486,-0.012762,95.991875,80.917068,1035.759399
885,0,0.004890,0.001570,-0.012950,94.322403,78.917068,1036.515015
886,0,0.004536,0.002474,-0.013485,92.456161,76.880424,1037.113281
887,0,0.004336,0.002952,-0.013519,90.730278,74.831734,1037.698364
888,0,0.003959,0.003133,-0.013384,89.005577,72.701912,1038.270508
889,0,0.003937,0.002686,-0.012791,87.349640,70.703499,1038.759155
890,0,0.004273,0.003040,-0.013058,85.477982,68.680504,1039.175781
891,0,0.004138,0.002523,-0.012666,83.672340,66.666496,1039.541870
892,0,0.003909,0.002596,-0.012925,81.797882,64.515060,1039.980469
893,0,0.004517,0.003561,-0.013248,79.890335,62.579544,1040.332397
894,0,0.004090,0.003969,-0.013494,77.974388,60.472858,1040.674438
895,0,0.003980,0.003746,-0.013089,76.281006,58.585835,1041.014893
896,0,0.004373,0.003932,-0.013180,74.496162,56.529835,1041.393188
897,0,0.004025,0.003755,-0.013202,72.601776,54.525021,1041.637329
898,0,0.004319,0.004493,-0.013586,70.627922,52.473495,1041.796387
899,0,0.004353,0.004464,-0.013504,68.758652,50.514351,1041.919067
900,0,0.003968,0.003974,-0.013027,66.942192,48.497887,1042.076904
901,0,0.004155,0.004537,-0.013259,64.998062,46.539585,1042.119995
902,0,0.004936,0.004666,-0.013483,63.125126,44.818928,1042.270386
903,0,0.004692,0.005198,-0.013563,61.235767,42.764427,1042.301514
904,0,0.005164,0.005821,-0.013834,59.197510,41.058861,1042.270142
905,0,0.004263,0.005759,-0.013240,57.391975,39.034492,1042.180298
906,0,0.004690,0.005388,-0.013330,55.594433,37.356472,1042.144043
907,0,0.004498,0.006034,-0.013611,53.588470,35.541485,1041.867920
908,0,0.004671,0.005613,-0.013480,51.925117,33.764286,1041.834106
909,0,0.005031,0.005619,-0.013695,50.163174,32.078846,1041.708130
910,0,0.004948,0.005806,-0.014230,48.207375,30.340219,1041.448730
911,0,0.005211,0.006188,-0.013690,46.528214,28.815722,1041.283325
912,0,0.005028,0.007043,-0.013933,44.561749,27.205120,1040.915771
913,0,0.005013,0.006913,-0.014071,42.698170,25.770426,1040.645386
914,0,0.005202,0.006852,-0.014139,40.980152,24.283068,1040.356567
915,0,0.005411,0.006710,-0.014290,39.375359,22.831678,1040.158813
916,0,0.005181,0.006900,-0.014328,37.699764,21.387028,1039.761230
917,0,0.005225,0.006369,-0.014030,36.267223,19.938028,1039.477295
918,0,0.005633,0.006423,-0.014114,34.768642,18.615664,1039.220093
919,0,0.005197,0.006728,-0.014064,33.153835,17.211697,1038.802246
920,0,0.005270,0.007446,-0.014258,31.481787,16.068670,1038.332520
921,0,0.005371,0.007496,-0.014754,29.926329,14.829496,1037.946045
922,0,0.004978,0.007008,-0.014270,28.636467,13.692533,1037.653076
923,0,0.005243,0.007176,-0.014458,27.222609,12.634171,1037.277100
924,0,0.005605,0.007791,-0.014897,25.808304,11.629122,1036.835449
925,0,0.005822,0.007793,-0.014862,24.603151,10.595824,1036.470703
926,0,0.005674,0.007283,-0.014494,23.547707,9.663933,1036.117554
927,0,0.005798,0.007803,-0.014847,22.276060,8.732386,1035.666626
928,0,0.005363,0.007450,-0.014200,21.328897,7.838720,1035.340698
929,0,0.005307,0.007592,-0.013962,20.239843,7.063059,1034.985718
930,0,0.005619,0.007525,-0.014218,19.264244,6.368310,1034.725220
931,0,0.005049,0.007704,-0.014292,18.230145,5.658438,1034.307007
932,0,0.005147,0.007767,-0.014460,17.321238,5.055765,1033.998657
933,0,0.005504,0.007707,-0.014471,16.548187,4.507706,1033.784790
934,0,0.005538,0.007919,-0.014355,15.777617,3.921515,1033.448486
935,0,0.005906,0.008704,-0.014319,14.984549,3.437388,1033.087769
936,0,0.005881,0.008050,-0.013812,14.510134,2.996876,1032.923218
937,0,0.005785,0.008100,-0.013954,13.857946,2.465076,1032.624634
938,0,0.005255,0.008687,-0.014139,13.266306,2.074710,1032.445190
939,0,0.005088,0.008398,-0.013961,12.819277,1.800054,1032.251343
940,0,0.004280,0.008624,-0.014051,12.228967,1.380770,1032.009155
941,0,0.004591,0.008875,-0.014311,11.721798,1.204613,1031.874268
942,0,0.004681,0.008349,-0.014084,11.367236,0.832146,1031.775757
943,0,0.004515,0.008579,-0.013848,10.918686,0.526411,1031.530518
944,0,0.004659,0.008658,-0.013738,10.595972,0.271299,1031.374512
945,0,0.004715,0.008688,-0.013674,10.284643,0.059278,1031.213013
946,0,0.005183,0.009134,-0.014096,9.904534,-0.017746,1031.054199
947,0,0.004737,0.008564,-0.013771,9.767796,-0.224548,1030.970581
948,0,0.004370,0.008632,-0.013608,9.551074,-0.387217,1030.879395
949,0,0.004353,0.008614,-0.013918,9.330084,-0.601941,1030.904907
950,0,0.004578,0.008736,-0.013749,9.156417,-0.667005,1030.867798
